﻿파일명,제품명,용량,상품코드,정상가_표시,할인가_표시,할인 내용
롯데썬(1).jpg,퓨어더마 퍼펙트선스틱 (짱구),19ML,8809949560468,"19,900원","9,950원",2개 이상 개당
롯데썬(10).jpg,베비언스 핑크퐁 선스틱,20G,8801051237016,"9,900원","9,900원",식별불가
롯데썬(11).jpg,베비언스 핑크퐁 선쿠션,15G,8801051237061,"11,900원","11,900원",식별불가
롯데썬(12).jpg,싸이닉 엔조이 선크림,200G,8809546004730,"8,900원","8,900원",2개 이상 개당
롯데썬(13).jpg,싸이닉 엔조이 선에센스,80ML,8809546005591,"15,800원","7,900원",2개 이상 개당
롯데썬(14).jpg,바세린 데일리 선크림,식별불가,8801619045457,"13,900원","6,950원",2개 이상 개당
롯데썬(15).jpg,바세린 톤업 선크림,50ML,8801619048498,"13,900원","6,950원",2개 이상 개당
롯데썬(16).jpg,SNP유브이 퍼펙트 패밀리 선크림 (기획),식별불가,식별불가,"10,500원","10,500원",식별불가
롯데썬(17).jpg,SNP 유브이 퍼펙트 데일리 선스틱 (기획),식별불가,8809550649859,"19,900원","19,900원",식별불가
롯데썬(18).jpg,닥터지 그린마일드 옵션플러스,35ML,8809838661307,"12,900원","12,900원",식별불가
롯데썬(19).jpg,닥터지 브라이트닝 업선플러스,35ML,8809695361210,"12,900원","12,900원",식별불가
롯데썬(2).jpg,퓨어더마 퍼펙트 선쿠션 (짱구),15ML,8809949560475,"29,900원","14,950원",2개 이상 개당
롯데썬(20).jpg,듀이트리 커버 비비 선크림,40ML,8809517476443,식별불가,"11,500원",식별불가
롯데썬(21).jpg,듀이트리 커버 선크림,식별불가,09517476443,"1,500원","1,500원",식별불가
롯데썬(21).jpg,듀이트리 촉촉 물광 선크림,50ML,48809517476436,"10,900원","10,900원",식별불가
롯데썬(22).jpg,듀이트리 멀티 톤업 선스틱,13G,48809517477006,"15,300원","15,300원",식별불가
롯데썬(23).jpg,듀이트리 멀티 톤업 선스틱,13G,8809517477006,"15,300원","15,300원",식별불가
롯데썬(23).jpg,듀이트리 수분 장벽 선크림,40ML,8809517476986,"12,900원","12,900원",식별불가
롯데썬(24).jpg,듀이트리 쿨링진정 선스틱,20G,488095174764811,"10,200원","10,200원",식별불가
롯데썬(25).jpg,듀이트리핑크 톤업 선크림,50ML,38809517476429,식별불가,"13,200원",식별불가
롯데썬(26).jpg,듀이트리 핑크 선크림,식별불가,식별불가,식별불가,"8,200원",식별불가
롯데썬(26).jpg,듀이트리 커버 비비 선쿠션,14G,8809517476498,식별불가,"13,300원",식별불가
롯데썬(27).jpg,그린핑거 신산리오 순한 무기자차선쿠션,12G,8801166407946,"29,800원","14,900원",2개 이상 개당
롯데썬(28).jpg,그린핑거 산리오 야외놀이 워셔블 선팩트,15G,98801166407939,"31,800원","15,900원",2개 이상 개당
롯데썬(29).jpg,그린핑거 야외놀이 힘센 선크림,70ML,8801166404754,"10,900원","10,900원",2개 이상 개당
롯데썬(29).jpg,그린핑거 산리오 놀이워셔블 선,80ML,8801166407922,"12,900원","12,900원",2개 이상 개당
롯데썬(3).jpg,퓨어더마 퍼펙트선크림 (짱구),80ML,8809949560451,"16,900원","8,450원",2개 이상 개당
롯데썬(30).jpg,그린핑거 야외놀이 힘센 선크림,70ML,8801166404754,"10,900원","10,900원",담을수록 할인
롯데썬(30).jpg,그린핑거 산리오 야외 놀이워셔블 선크림,80ML,8801166407922,"12,900원","12,900원",담을수록 할인
롯데썬(31).jpg,닥터아토 실키 선스틱,15G,8801092526421,"25,900원","12,950원",2개 이상 개당
롯데썬(32).jpg,닥터아토 워터프루프 선 프로텍터,80ML,8801092525929,"12,950원","12,950원",2개이상개당
롯데썬(32).jpg,닥터아토 쿨링 선스프레이,150ML,8801092525943,"10,950원","10,950원",2개이상개당
롯데썬(33).jpg,AHC 프레쉬 선스틱 스페셜세트,14G,8809611685826,"14,000원","14,000원",식별불가
롯데썬(4).jpg,헬먼 포켓몬 UV 꼬부기선크림,80ML,8809949544303,"16,900원","8,450원",2개 이상 개당
롯데썬(5).jpg,벨먼포켓몬 UV 이브이선스틱,19.5G,8809949544369,"19,900원","9,950원",2개 이상 개당
롯데썬(6).jpg,벨먼포켓몬 UV 피카츄선크림,80ML,8809949544376,"16,900원","8,450원",2개 이상 개당
롯데썬(7).jpg,벨먼포켓몬 UV 피카츄 선스틱,19.5G,8809949544352,"19,900원","9,950원",2개 이상 개당
롯데썬(8).jpg,피지오겔 DMT UV 선로션,식별불가,8801051215991,"28,000원","28,000원",식별불가
롯데썬(9).jpg,피지오겔 DMT 썬스크린,50ML,8801051298550,"19,700원","19,700원",식별불가
