﻿파일명,제품명,용량,상품코드,정상가_표시,할인가_표시,할인 내용
롯데 바디 썬 니베아(1).jpg,니베아 선세럼,90ML,3940058089847,"19,500원","9,750원",2개 이상 개당
롯데 바디 썬 니베아(10).jpg,니베아 데오롤온 (화이트),50ML,184005808355020,"9,400원","7,500원",05/01~05/14
롯데 바디 썬 니베아(11).jpg,니베아 데오롤온 (펄앤뷰티),50ML,234005808323166,"9,400원","7,500원",05/01~05/14
롯데 바디 썬 니베아(12).jpg,니베아데오드란트 스틱(드라이컴포트),50ML,278806322107227,"10,900원","8,900원",식별불가
롯데 바디 썬 니베아(13).jpg,니베아데오드란트 스틱 (엑스트라 브라이트),50ML,8806322113556,"10,900원","8,900원",식별불가
롯데 바디 썬 니베아(14).jpg,니베아데오드란트스틱(펄앤뷰티),50ML,8806322113549,"10,900원","8,900원",식별불가
롯데 바디 썬 니베아(15).jpg,니베아데오 (드라이),200ML,4005808321735,"14,500원","11,900원",가격할인
롯데 바디 썬 니베아(16).jpg,니베아데오 (화이트),200ML,204005900007513,"14,500원","11,900원",05/01~05/14
롯데 바디 썬 니베아(17).jpg,니베아 데오 (펄앤뷰티),200ML,134005808321933,"14,500원","11,900원",식별불가
롯데 바디 썬 니베아(18).jpg,아트릭스 핸드네일크림,식별불가,84005808639014,"7,000원","4,900원",가격할인
롯데 바디 썬 니베아(19).jpg,아트릭스 핸드네일크림,400ML,1040058088209,"12,500원","8,800원",식별불가
롯데 바디 썬 니베아(2).jpg,니베아선 페이스 영에이지 크림,50ML,334005900475978,"15,800원","7,900원",2개 이상 개당
롯데 바디 썬 니베아(20).jpg,니베아 더마 바디로션,625ML,90056594012288,"21,500원","12,900원",식별불가
롯데 바디 썬 니베아(21).jpg,니베아 바디로션 (스무드),400ML,1940058088914,"16,900원","8,450원",식별불가
롯데 바디 썬 니베아(3).jpg,니베아 더마센서티브 선로션,200ML,254005900712288,"23,800원","11,900원",2개 이상 개당
롯데 바디 썬 니베아(4).jpg,니베아 선키즈 센서티브 롤온,50ML,1200000423549,"17,800원","8,900원",2개 이상 개당
롯데 바디 썬 니베아(5).jpg,니베아 키즈썬로션(스윙),150ML,1240053085184,"19,800원","9,900원",2개 이상 개당
롯데 바디 썬 니베아(6).jpg,니베아선 키브 프로텍트 로션,200ML,104005900600172,"23,800원","11,900원",2개 이상 개당
롯데 바디 썬 니베아(7).jpg,니베아프로텍트 앤 모이스춰 선로션,식별불가,120000042467083,"17,800원","8,900원",2개 이상 개당
롯데 바디 썬 니베아(8).jpg,니베아 데오롤온 (드라이),50ML,254005808725212,"9,400원","7,500원",가격 할인
롯데 바디 썬 니베아(9).jpg,니베아데오 더미컨트를 롤온 (퓨어 센서티브),50ML,144005808676590,"10,400원","8,900원",식별불가
