﻿파일명,제품명,용량,상품코드,정상가_표시,할인가_표시,할인 내용
이마트 선데오(1).jpg,LG 46CM롤온데오드란트화이트머스크,75ML,8809949560062,"9,900원","9,900원",1+1
이마트 선데오(10).jpg,피지오겔 DMT유브이썬로션,100ML,8801051215991,"27,900원","27,900원",1+1
이마트 선데오(11).jpg,LG 퓨어더마퍼펙트선크림(짱구),80ML,8809949560451,"14,900원","14,900원",1+1
이마트 선데오(12).jpg,LG 퓨어더마퍼펙트선스틱(짱구),19G,8809949560468,"17,900원","17,900원",1+1
이마트 선데오(13).jpg,LG 벨먼포켓몬UV선스틱(피카츄),19.5G,8809949544352,"17,900원","17,900원",1+1(행사상품 동일 가격/브랜드 교차구매 가능)
이마트 선데오(14).jpg,LG 벨먼포켓몬UV선스틱(이브이),19.5G1입,8809949544369,"17,900원","17,900원",1+1
이마트 선데오(15).jpg,한킴벌리 그린핑거선크림워터프루프,50ML,8801166388122,"21,800원","21,800원",1+1
이마트 선데오(16).jpg,시나모롤워셔블선크림,80ML,8801166407922,식별불가,"25,800원",행사상품
이마트 선데오(17).jpg,그린핑거 힘센선크림,70ML,8801166404754,"21,800원","21,800원",행사상품
이마트 선데오(18).jpg,그린핑거 시나모롤무기자차선쿠션,12G,8801166407946,"16,900원","16,900원",행사상품
이마트 선데오(19).jpg,그린핑거 시나모롤워셔블선팩트,15G,8801166407939,"17,900원","17,900원",행사상품
이마트 선데오(2).jpg,LG 46CM롤온데오드란트파우더,75ML,8809949560055,"9,900원","9,900원",1+1(행사상품 동일 가격/브랜드 교차구매 가능)
이마트 선데오(20).jpg,그린핑거 헬로키티마일드선쿠션,14G,8801166404785,식별불가,"21,900원",행사상품
이마트 선데오(21).jpg,그린핑거 마이멜로디촉촉선팩트,16G,8801166404778,"21,900원","21,900원",행사상품
이마트 선데오(22).jpg,유한킴벌리 파워쉴드선스틱워터프루프,18G,8801166389365,"25,000원","25,000원",1+1
이마트 선데오(23).jpg,그린핑거 야외놀이투명선스틱,20G,8801166398572,"25,000원","25,000원",2+1
이마트 선데오(24).jpg,닥터아토 아쿠아쿨링선젤,60ml,8801092521723,"1,600원","1,600원",1+1
이마트 선데오(24).jpg,아쿠아쿨링선젤,50ml,8801092527466,"33,600원","33,600원",1+1
이마트 선데오(24).jpg,터프루프 선,식별불가,8801092,"25,900원","25,900원",1+1
이마트 선데오(25).jpg,터프루프 선프로텍터80ml,80ml,8801092525929,"25,900원","25,900원",1+1(행사상품 동일 가격/브랜드 교차구매 가능)
이마트 선데오(26).jpg,닥터아토 더마센서티브 선프로텍터50,식별불가,8801092527459,"33,600원","33,600원",1+1(행사상품 동일 가격/브랜드 교차구매 가능)
이마트 선데오(27).jpg,닥터아토 수분촉촉데일리 선프로텍터,50ml,8801092525936,"25,900원","25,900원",1+1
이마트 선데오(28).jpg,닥터아토 실키선스틱,15g,8801092526421,식별불가,"25,900원",1+1
이마트 선데오(29).jpg,닥터아토 쿨링선스프레이,150ml,8801092525943,"21,900원","21,900원",1+1
이마트 선데오(29).jpg,렌징수딩티슈,식별불가,8801092521,"2,000원","2,000원",1+1
이마트 선데오(3).jpg,LG 46CM롤온데오드란트퓨어,75ML,8809949560109,식별불가,"9,900원",1+1(행사상품 동일 가격/브랜드 교차구매 가능)
이마트 선데오(4).jpg,VT 시카에센스선,100ML,8809695675362,"27,000원","13,500원",2개 이상 구매시 50%할인
이마트 선데오(5).jpg,코리아나 마일드수딩선크림,40ML*3개입,8804014254273,"20,900원","16,720원",마이홈플러스멤버십 제시시 20% 할인
이마트 선데오(6).jpg,제이준 히알루론산하이드레이팅선크림,50ML,8809495899241,"10,000원","10,000원",2개 이상 구매시 50%할인
이마트 선데오(7).jpg,LG 퓨어더마퍼펙트선쿠션(흰둥이),15G,8809949560482,"29,900원","29,900원",1+1
이마트 선데오(8).jpg,LG 퓨어더마퍼펙트선쿠션(짱구),15G,8809949560475,식별불가,"29,900원",1+1
이마트 선데오(9).jpg,LG 피지오겔DMT썬스크린,50ML,8801051298550,"19,700원","19,700원",1+1
