﻿파일명,제품명,용량,상품코드,정상가_표시,할인가_표시,할인 내용
이마트 BDF(1).jpg,니베아 데오롤온 드라이,50ML,4005808725212,"9,400원","5,640원",마이홈플러스멤버십 제시시 40% 할인
이마트 BDF(10).jpg,니베아 데오스프레이드라이,200ML,4005808321735,"14,500원","8,700원",마이홈플러스멤버십 제시시 40% 할인
이마트 BDF(11).jpg,니베아 데오스프레이드라이임팩트,200ml,4005900552037,"14,500원","8,700원",마이홈플러스멤버십 제시시 40% 할인
이마트 BDF(12).jpg,니베아 데오스프레이쿨킥,200ML,4005808321834,"14,500원","8,700원",마이홈플러스멤버십 제시시 40% 할인
이마트 BDF(13).jpg,니베아 맨데오드란트스틱임팩트,50ML,8806322107210,"10,900원","6,540원",마이홈플러스멤버십 제시시 40% 할인
이마트 BDF(14).jpg,니베아 데오롤온 쿨킥,50ML,4005808321858,"9,400원","5,640원",40% 할인
이마트 BDF(15).jpg,니베아 데오더마컨트롤퓨어센서티브,50ML,4005808676590,"10,400원","6,240원",마이홈플러스멤버십 제시시 40% 할인
이마트 BDF(16).jpg,니베아 선키즈울트라프로텍트로션 50,150ML,4005808518494,식별불가,"19,800원",2개 이상 구매시 50%할인
이마트 BDF(17).jpg,니베아 선키즈센서티브프로젝트,200ML,4005900600172,"23,800원","23,800원",2개 이상 구매시 50%할인
이마트 BDF(18).jpg,니베아 프로텍트맨모이스춰썬로션,1DDML,2000071012892,"17,800원","17,800원",2개 이상 구매시 50%할인
이마트 BDF(19).jpg,니베아 프로텍트맨라이트필퍼,90ML,4005808984763,"19,500원","19,500원",2개 이상 구매시 50%할인
이마트 BDF(2).jpg,니베아 데오롤온엑스트라화이트,50ML,4005808355020,"9,400원","5,640원",마이홈플러스멤버십 제시시 40% 할인
이마트 BDF(20).jpg,니베아 레이스영메이지 크림 SPF50,50ML,4005900475978,"15,800원","15,800원",2개 이상 구매시 50%할인
이마트 BDF(21).jpg,니베아 선데이스수딩센셔티브크림,50ML,4005900475220,"15,800원","15,800원",2개 이상 구매시 50%할인
이마트 BDF(22).jpg,니베아 선키즈센서티브롤온SPF50+PA+,50ml,42354932(A)(N),"17,800원","17,800원",2개 이상 구매시 50%할인
이마트 BDF(3).jpg,니베아 데오롤온엑스트라화이트,50ML,4005808355020,"9,400원","5,640원",마이홈플러스멤버십 제시시 40% 할인
이마트 BDF(4).jpg,니베아 데오롤온 펄앤뷰티,50ML,4005808323166,"9,400원","5,640원",마이홈플러스멤버십 제시시 40% 할인
이마트 BDF(5).jpg,니베아 데오드란트스틱드라이앤콤포트,50ML,8806322107227,"10,900원","6,540원",마이홈플러스멤버십 제시시 40% 할인
이마트 BDF(6).jpg,니베아 데오드란트스틱브라이트,50ML,8806322113556,"10,900원","6,540원",40% 할인
이마트 BDF(7).jpg,니베아 데오드란트스틱펄뷰티,50ML,8806322113549,"10,900원","6,540원",마이홈플러스멤버십 제시시 40% 할인
이마트 BDF(8).jpg,니베아 데오스프레이펄앤뷰티,200ML,4005808321933,"14,500원","8,700원",40% 할인
이마트 BDF(9).jpg,니베아 데오스프레이엑스트라브라이트,200ML,4005900007513,"14,500원","8,700원",40% 할인
