﻿파일명,제품명,용량,상품코드,정상가_표시,할인가_표시,할인 내용
이마트 바디(1).jpg,매경 바비린세라덤바디크림,450ML,8801046433928,"22,900원","11,450원",50% 할인
이마트 바디(10).jpg,마이홈플러스멤버십 제시시,식별불가,8801051096729,"16,900원","12,900원",4000원 할인
이마트 바디(11).jpg,LG 온더바디 퓨어더마바디로션무항,1L,8809949554542,"16,900원","12,900원",4000원 할인
이마트 바디(12).jpg,도브 라이트하이드레이션바디로션,400ML,8801619805138,"15,900원","15,900원",1+1
이마트 바디(13).jpg,도브 너리싱 래디언스 바디 로션,400ML,8801619805121,"15,900원","15,900원",1+1
이마트 바디(14).jpg,도브 서믈바운스바디로션,400ML,8801619805145,"15,900원","15,900원",1+1
이마트 바디(15).jpg,LG 온더바디더바디로션(라벤더),400ML,8801051238617,"13,900원","13,900원",1+1
이마트 바디(16).jpg,LG 온더바디더바디로션(코코넛),400ML,8801051238600,"13,900원","13,900원",1+1
이마트 바디(17).jpg,LG 온더바디고 보습아이리스바디로션,400ML,8801051128574,식별불가,"13,900원",1+1
이마트 바디(18).jpg,LG 온더바디 촉촉 테라피 블라썸 바디로션,400ML,8800511283212,"13,900원","13,900원",1+1
이마트 바디(19).jpg,케라시스 파우더리코튼바디로션,500ML,8801046402689,"14,900원","14,900원",2개 이상 구매시 60%할인
이마트 바디(2).jpg,매경 바세린 미라덤바디로션,500ML,8801046433560,"16,900원","8,450원",50% 할인
이마트 바디(20).jpg,케라시스 퓨어코튼바디로션,500ML,8801046402696,식별불가,"14,900원",2개 이상 구매시 60%할인
이마트 바디(21).jpg,뉴트로지나 데일리바디로션,450ML,8801108000983,"17,900원","12,500원",30% 할인
이마트 바디(22).jpg,뉴트로지나 인텐스리페어 시카에멀전 310ML,310ML,8801108002475,"22,000원","13,200원",40% 할인
이마트 바디(23).jpg,아비노 데일리로션,354ML,8801108003670,"21,900원","15,900원",25% 할인
이마트 바디(24).jpg,바세린 바세린알로에수드로션,400ML,8801619051085,"14,900원","14,900원",1+1
이마트 바디(25).jpg,비치란 어드밴스드리페어로션,400ML,8801619051115,"14,900원","14,900원",1+1
이마트 바디(26).jpg,바세린 드라이 스킨리페어로션,400ML,8801619050279,"14,900원","14,900원",1+1
이마트 바디(27).jpg,더마비 데일리모이스처바디로션,500ML,8809554840337,"19,500원","19,500원",2+1
이마트 바디(28).jpg,뉴트로지나 인텐스리페어핸드크림,56G,8801008004821,"7,900원","5,500원",30% 할인
이마트 바디(29).jpg,바세린 프로텍팅젤리베이비,100G,8801619049341,"3,800원","3,800원",1+1
이마트 바디(3).jpg,매경 바시린핸드맨네일로션,450ML,8801046862438,"10,900원","10,900원",1+1
이마트 바디(30).jpg,바세린 프로텍팅젤리코코아,100G,8801619049334,"3,800원","3,800원",1+1
이마트 바디(31).jpg,바세린 퓨어스킨젤리,100ML,8901030203473,"3,500원","3,500원",1+1
이마트 바디(4).jpg,미경 바세린리프팅리페어로션,450ML,8801046871546,"10,900원","10,900원",1+1
이마트 바디(5).jpg,미경 바세린더블모이스처로션,450ML,8801046871522,"10,900원","10,900원",1+1
이마트 바디(6).jpg,더마비 세라엠디리페어로션,500ML,8809911691381,"24,000원","17,900원",25% 할인
이마트 바디(7).jpg,미경 바세린데일리 모이스처로션,450ML,8801046862421,"10,900원","10,900원",1+1
이마트 바디(8).jpg,더마비 프레쉬모이스처바디로션,400ML,8809554849385,"18,000원","14,900원",15% 할인
이마트 바디(9).jpg,온더바디 퓨어더마마엘드로션 그린허브,1L,8801051096736,"16,900원","12,900원",4000원 할인
