﻿파일명,제품명,용량,상품코드,정상가_표시,할인가_표시,할인 내용
홈 바디 핸드(1).jpg,더마비 프레쉬모이스처바디로션,400ML,8809554849385,"18,000원","14,900원",15% 할인
홈 바디 핸드(10).jpg,LG 온더바디고보습아이리스바디로션,400ML,8801051128574,"12,900원","12,900원",1+1
홈 바디 핸드(11).jpg,LG 온더바디더바디로션(코코넛),400ML,8801051238600,"12,900원","12,900원",1+1
홈 바디 핸드(12).jpg,LG 온더바디더바디로션(라벤더),400ML,8801051238617,식별불가,"12,900원",1+1
홈 바디 핸드(13).jpg,LG 온더바디퓨어더마마일드바디로션베이비파우더향,1L,8801051096729,"16,900원","12,900원",20% 할인
홈 바디 핸드(14).jpg,온더바디 퓨어더마마일드로션 그린허브,1L,8801051096736,"16,900원","12,900원",20% 할인
홈 바디 핸드(15).jpg,매경 알피스트바디로션퓨어릴리,730ML,8801046406007,식별불가,"19,800원",1+1
홈 바디 핸드(16).jpg,매경 알피스트바디로션베이비파우더,730ML,8801046405994,식별불가,"19,800원",1+1
홈 바디 핸드(17).jpg,아비노 매너자이징로션,354ML,8801108003946,"21,900원","14,200원",35% 할인
홈 바디 핸드(18).jpg,카밀 미니기획(클래식2+인텐시브),식별불가,8809369782532,"9,000원","6,300원",30%
홈 바디 핸드(2).jpg,더마비 세라멤디리페이로션,500ML,8809911691381,"24,000원","19,900원",15% 할인
홈 바디 핸드(3).jpg,케라시스 코튼바디로션,500ML,8801046402696,"17,800원","14,900원",15% 할인
홈 바디 핸드(4).jpg,케라시스 코튼바디로션,500ML,8801046402689,"17,800원","14,900원",15% 할인
홈 바디 핸드(5).jpg,뉴트로지나 데일리바디로션,450ML,8801108000983,"17,900원","10,700원",40% 할인
홈 바디 핸드(6).jpg,LG 온더바디플로럴가든로션양재동,730ML,8809949554566,"14,900원","10,900원",4000원 할인
홈 바디 핸드(7).jpg,LG 온더바디플로럴가든로션머스크,730ML,8809949554559,"14,900원","10,900원",4000원 할인
홈 바디 핸드(8).jpg,LG 온더바디플로럴가든로션양대동,730ML,8809949554566,"14,900원","10,900원",4000원 할인
홈 바디 핸드(9).jpg,LG 온더바디 촉촉 쉐리 블라썸 바디 로션,400ML,8801051128321,"12,900원","12,900원",1+1
