﻿파일명,제품명,용량,상품코드,정상가_표시,할인가_표시,할인 내용
홈 선데오(1).jpg,LG 46CM롤온데오드란트파우더,75ML,8809949560055,식별불가,"9,900원",균일가
홈 선데오(10).jpg,LG 벨먼포켓몬UV선크림(피카츄),80ML,8809949544376,식별불가,"14,900원",2개 이상 구매시 30%할인
홈 선데오(11).jpg,LG 벨먼포켓몬UV선쿠션(피카츄),15G,8809949544321,"29,900원","20,930원",1차 가격인하 30 %
홈 선데오(12).jpg,LG 벨먼포켓몬UV선쿠션(파치리스),15G,8809949544338,"29,900원","20,930원",1차 가격인하 30%
홈 선데오(13).jpg,그린핑거 마이멜로디촉촉선팩트,16G,8801166404778,"21,900원","21,900원",행사상품
홈 선데오(14).jpg,그린핑거 헬로키티마일드선쿠션,14G,8801166404785,"21,900원","21,900원",행사상품
홈 선데오(15).jpg,그린핑거 시나모롤무기자차선쿠션,12G,8801166407946,"14,900원","14,900원",행사상품
홈 선데오(16).jpg,그린핑거 시나모롤워셔블선팩트,15G,8801166407939,"15,900원","15,900원",행사상품
홈 선데오(17).jpg,그린핑거 시나모롤워셔블선크림,80ML,8801166407922,"25,800원","12,900원",마이홈플러스멤버십 제시시 50% 할인
홈 선데오(18).jpg,유한킴벌리 그린핑거선크림워터프루프,50ML,8801166388122,"21,800원","10,900원",50% 할인
홈 선데오(19).jpg,그린핑거 시나모롤무기자차선스틱,14.5G,8801166407953,"27,800원","13,900원",마이홈플러스멤버십 제시시 50% 할인
홈 선데오(2).jpg,LG 46CM롤온데오드란트퓨어,75ML,8809949560109,식별불가,"9,900원",균일가
홈 선데오(20).jpg,그린핑거 힘센선크림,70ML,8801166404754,"21,800원","10,900원",마이홈플러스멤버십 제시시 50% 할인
홈 선데오(21).jpg,유한킴벌리 파워쉴드선스틱워터프루프,18G,8801166389365,"25,000원","12,500원",50% 할인
홈 선데오(22).jpg,닥터아토 쿨링선스프레이,150ml,8801092525943,"21,900원","10,950원",50% 할인
홈 선데오(23).jpg,닥터아토 아쿠아쿨링선젤,50ml,8801092527466,"33,600원","16,800원",마이홈플러스멤버십 제시시 50% 할인
홈 선데오(24).jpg,닥터아토 실키선스틱,15g,8801092526421,"25,900원","12,950원",마이홈플러스멤버십 제시시 50% 할인
홈 선데오(25).jpg,수분촉촉데일리 선프로텍터50ml,50ml,8801092525936,"12,950원","12,950원",마이홈플러스멤버십 제시시 50% 할인
홈 선데오(26).jpg,닥터아토 더마워터프루프 선프로텍터80ml,80ml,8801092525929,"25,900원","12,950원",마이홈플러스멤버십 제시시 50% 할인
홈 선데오(27).jpg,닥터아토 더마센서티브 선프로텍터50,식별불가,8801092527459,"33,600원","16,800원",마이홈플러스멤버십 제시시 50% 할인
홈 선데오(28).jpg,LG 피지오겔DMT썬스크린,50ML,8801051298550,식별불가,"19,700원",2개 이상 구매시 30%할인 행사상품에 한해 교차구매 가능
홈 선데오(29).jpg,피지오겔 DMT유브이썬로션,100ML,8801051215991,"28,000원","28,000원",2개 이상 구매시 30%할인
홈 선데오(3).jpg,LG 퓨어더마퍼펙트선크림(짱구),80ML,8809949560451,"14,900원","14,900원",2개 이상 구매시 30%할인
홈 선데오(30).jpg,제이준 히알루론산 하이드레이팅선크림 50ML,50ML,8809495899241,"10,000원","10,000원",균일가
홈 선데오(31).jpg,바노바기 밀크씨슬리시카선플러스,50ML,8809486363195,"32,000원","16,000원",50% 할인
홈 선데오(32).jpg,VT 시카에센스선,100ML,8809695675362,"27,000원","18,900원",30% 할인
홈 선데오(33).jpg,SNP 데일리선크림더블기획,식별불가,8809550649880,"19,800원","10,500원",45% 할인
홈 선데오(34).jpg,SNP 데일리선스틱더블기획,식별불가,8809550649859,"26,900원","19,900원",7000원 할인
홈 선데오(35).jpg,코리아나 마일드수딩선크림,40ML*3개입,8804014254273,"20,900원","18,900원",2000원 할인
홈 선데오(4).jpg,LG 퓨어더마퍼펙트선스틱(짱구),19G,8809949560468,"17,900원","17,900원",2개 이상 구매시 30%할인
홈 선데오(5).jpg,LG 퓨어더마퍼펙트선쿠션(짱구),15G,8809949560475,"29,900원","29,900원",2개 이상 구매시 30%할인
홈 선데오(6).jpg,LG 퓨어더마퍼펙트선쿠션(흰둥이),15G,8809949560482,"29,900원","29,900원",2개 이상 구매시 30%할인
홈 선데오(7).jpg,LG 벨먼포켓몬UV선스틱(이브이),19.5G,8809949544369,"17,900원","17,900원",2개 이상 구매시 30%할인
홈 선데오(8).jpg,LG 벨먼포켓몬UV선스틱(피카츄),19.5G1입,8809949544352,"17,900원","17,900원",2개 이상 구매시 30%할인
홈 선데오(9).jpg,LG 벨먼포켓몬UV선크림(꼬부기),80ML,8809949544383,"14,900원","14,900원",2개 이상 구매시 30%할인
