﻿파일명,제품명,용량,상품코드,정상가_표시,할인가_표시,할인 내용
홈플러스 bdf(1).jpg,니베아 프로텍트앤라이트필퍼,90ML,4005808984763,"19,500원","9,750원",50% 할인
홈플러스 bdf(10).jpg,니베아 데오스프레이쿨킥,200ML,124833951/4005808321834,"14,500원","11,600원",20% 할인
홈플러스 bdf(11).jpg,니베아 데오롤온 쿨킥,50ML,1248340344005,"9,400원","7,520원",20% 할인
홈플러스 bdf(12).jpg,니베아 Q10바디로션,400ML,4005808237470,"16,900원","8,450원",50% 할인
홈플러스 bdf(13).jpg,니베아 아트릭스핸드크림,75ML,4005808820221,"5,500원","3,850원",30% 할인
홈플러스 bdf(14).jpg,니베아 SOS케이핸드크림,75ml,2000127512290,"8,900원","4,450원",50% 할인
홈플러스 bdf(2).jpg,니베아 선키즈센서티브프로텍트,200ML,4005900600172,"23,800원","11,900원",50% 할인
홈플러스 bdf(3).jpg,니베아 선키즈센서티브롤온 SPF50+PA+,50ml,2000128001375,"17,800원","8,900원",50% 할인
홈플러스 bdf(4).jpg,니베아 선키즈울트라프로텍트로션 50,150ML,4005808518494,"19,800원","9,900원",50% 할인
홈플러스 bdf(5).jpg,니베아 데오롤온 펄맨뷰티,50ML,4005808323166,"9,400원","7,520원",20% 할인
홈플러스 bdf(6).jpg,니베아 데오롤온 드라이,50ML,4005808725212,"9,400원","7,520원",20% 할인
홈플러스 bdf(7).jpg,니베아 데오드란트스틱펄뷰티,50ML,8806322113549,"10,900원","8,720원",20% 할인
홈플러스 bdf(8).jpg,니베아 데오스프레이펄맨 뷰티,200ML,4005808321933,"14,500원","11,600원",20% 할인
홈플러스 bdf(9).jpg,니베아 테오스프레이드라이,200ML,4005808321735,"14,500원","11,600원",20% 할인
