﻿파일명,제품명,용량,상품코드,정상가_표시,할인가_표시,할인 내용
맨(1).jpg,니베아 데오 롤온 쿨킥 포맨,50ml,4005808321858,식별불가,"9,400원",추천상품
맨(2).jpg,니베아 데오스프레이 쿨킥,200ml,4005808321834,식별불가,"11,500원",추천상품
맨(3).jpg,니베아맨 프레시킥 쉐이빙폼,200ml,8806322113273,"5,040원","5,000원",할인
맨(4).jpg,니베아맨 프로텍트맨케어 쉐이빙폼,250ml,4005808269235,"8,800원","6,200원",할인
맨(5).jpg,도루코 쿨링 프레쉬허브 쉐이빙폼,210ml,8809389188420,"4,200원","2,940원",30%
맨(6).jpg,질레트 포오미멘솔,175g,7702018002344,"5,600원","3,920원",신세계 포인트 적립시 할인
맨(7).jpg,질레트 스킨텍 폼,245g,4902430913836,"9,000원","6,300원",신세계 포인트 적립시 할인
맨(8).jpg,프로글라이드 투인원 쉐이빙폼,245g,식별불가,"11,600원","8,120원",신세계 포인트 적립시 할인
