﻿파일명,제품명,용량,상품코드,정상가_표시,할인가_표시,할인 내용
바디(1).jpg,니베아 소프트 리프레싱 모이스춰라이징 크,식별불가,4005900497727,"4,200원","3,800원",400원
바디(10).jpg,히알리운 히알루론수분크림 105ml 더블기획,식별불가,8800283640670,"33,800원","17,900원",할인
바디(11).jpg,일리윤MD 레드이치 케어크림 150ml*2,식별불가,8800283644876,"33,800원","17,900원",아모레 행사상품 3만5천원 이상 결제시
바디(12).jpg,해피바스 정말 촉촉한 바디로션,식별불가,8809803577229,"11,800원","11,800원",1+1
바디(13).jpg,해피바스 정말순한바디로션,400g,8809803577236,식별불가,"11,800원",1+1
바디(14).jpg,밀크바오밥 모이스트바디로션 화이트머스크,식별불가,8802667005761,"9,900원","6,900원",할인
바디(15).jpg,밀크바오밥 모이스트바디로션 베이비파우더,식별불가,8802667005785,"9,900원","6,900원",할인
바디(16).jpg,밀크바오밥 모이스트바디로션 화이트솝,식별불가,8802667005853,"9,900원","6,900원",할인
바디(17).jpg,밀크바오밥 모이스트 바디로션 골든플라워,식별불가,8802667009608,"9,900원","6,900원","3,000원 할인"
바디(18).jpg,퓨어시카 바디로션 화이트머스크,730ml,8801051240122,"14,900원","14,900원",1+1
바디(19).jpg,퓨어시카바디로션베이비파우더730ml,730ml,8801051291292,"14,900원","14,900원",1+1
바디(2).jpg,니베아 리페어 앤 케어 크림,식별불가,6001051004744,"22,500원","13,500원",식별불가
바디(20).jpg,온더바디 플라워 체리블라썸 바디로션,400m,8801051128321,"17,900원","9,900원",할인
바디(21).jpg,온더바디 플라워 아이리스 바디로션,400ml,8801051128574,"17,900원","9,900원",할인
바디(22).jpg,뉴트로지나 바디오일,250ml,8801008017623,"19,900원","11,940원",40%
바디(23).jpg,아비노 스트레스릴리프 로션,354ml,8801108003748,"13,140원","13,140원",식별불가
바디(24).jpg,뉴트로지나 데일리 립 밤 SPF15,4g,8801008004876,"3,920원","3,900원",할인 상품
바디(3).jpg,니베아 인샤워 바디로션 나리싱(건조),400ml,4005800111723,"9,900원","9,900원",식별불가
바디(4).jpg,니베아 리페어 바디 로션,625ml,0056594012288,"12,900원","12,900원",식별불가
바디(5).jpg,해피바스 스케어퍼퓸 바디앤핸드로션 블,식별불가,8809925125346,식별불가,"15,900원",2개이상 구매시 50%할인(마티니 11종 교차)
바디(6).jpg,해피바스 스킨퍼퓸 바디앤핸드로션 페어맨,식별불가,8809925125339,식별불가,"15,900원",2개이상 구매시 50%할인(마티니 11종 교차)
바디(7).jpg,해피바스 퍼퓸부티크 바디로션 상탈머스크,식별불가,8809925195363,"15,900원","15,900원",식별불가
바디(8).jpg,해피바스 퍼퓸부티크 바디로션 로즈 블러쉬,식별불가,8809925195356,"15,900원","15,900원",식별불가
바디(9).jpg,일리윤 울트라 리페어 로션 기획 275ml*2,식별불가,8800283636734,"33,800원","17,900원",할인
