﻿파일명,제품명,용량,상품코드,정상가_표시,할인가_표시,할인 내용
썬(1).jpg,니베아 키즈 울트라 프로텍트 로션,150ml,식별불가,"19,800원","19,800원",2개 구매시 50% 할인 [교차가능]
썬(10).jpg,셀퓨전씨 레이저 썬스크린 100,35ml,8809634620417,"27,980원","18,187원",35%
썬(11).jpg,셀퓨전씨 AC 썬,식별불가,8809694627300,"27,980원","18,187원",35%
썬(12).jpg,야다 선 에센스 기획,식별불가,8809340386919,"20,980원","13,637원",35%
썬(13).jpg,본트리 베리선블럭 SPF50+PA++++,50ml,2000001211373,"14,980원","9,737원",35%
썬(14).jpg,퓨어밀로우 데일리 톤업 선크림,50ml 2입,8809438489607,"11,900원","7,735원",35%
썬(15).jpg,자민경 크레마카라콜 울트라 프로텍션 썬크,식별불가,8809147356405,식별불가,"9,980원",2개 구매시 2천원 할인
썬(16).jpg,자민경 프리마크 블루 캡슐 모이스처 선크,식별불가,8809147351189,"9,980원","9,980원",2개 구매시 2천원 할인
썬(17).jpg,자민경 프리마크 그린 캡슐 모이스처 선크,식별불가,8809147351196,"9,980원","9,980원",2개 구매시 2천원 할인
썬(18).jpg,닥터아토 더마 워터프루프 선,80ml,8801092525929,"33,980원","33,980원",2개 구매시 50% 할인 [교차가능]
썬(19).jpg,닥터아토 수분 촉촉 데일리 선,50ml,8801092525936,"25,980원","25,980원",2개 구매시 50% 할인
썬(2).jpg,니베아 선 키즈 프로텍트 맨 센서티브 롤온,10ml당 3560원,0000042354932,"17,800원","17,800원",2개 구매시 50% 할인
썬(20).jpg,닥터아토 선 스프레이,150ml,8801092525943,식별불가,"25,980원",2개 구매시 50% 할인
썬(21).jpg,닥터아토 실키 선스틱,15g,8801092526421,"25,980원","25,980원",2개 구매시 50% 할인
썬(22).jpg,닥터아토 아쿠아 쿨링 선밀,50ml,8801092527466,"29,980원","29,980원",2개 구매시 50% 할인
썬(23).jpg,닥터아토 더마 센서티브 선프로텍터,50ml,8801092527459,식별불가,"29,980원",2개 구매시 50% 할인
썬(24).jpg,그린핑거 물놀이 선크림 워터프루프,50ml,8801166388122,"21,980원","21,980원",2개 구매시 50% 할인
썬(25).jpg,그린핑거 야외놀이 워셔블 선크림 BDml(시),식별불가,8801166407922,"25,980원","25,980원",2개 구매시 50% 할인 [교차가능]
썬(26).jpg,그린핑거 파워쉴드 선스틱 워터프루프,1Bg,8801166389365,"24,980원","24,980원",2개 구매시 50% 할인
썬(27).jpg,그린핑거 야외놀이 선팩트 블록 16g,16g,8801166398541,"26,980원","26,980원",2개 구매시 50% 할인
썬(28).jpg,그린핑거 야외놀이 투명 선스틱,20g,8801166398572,식별불가,"24,980원",2개 구매시 50% 할인
썬(29).jpg,그린핑거 야외놀이 힘센 선크림,70ml,8801166404754,"21,980원","21,980원",2개 구매시 50% 할인
썬(3).jpg,니베아 선 키즈 센서티브 로션,200ml,4005900600172,"23,800원","23,800원",2개 구매시 50% 할인
썬(30).jpg,그린핑거 야외놀이 선크림 X2 + 수딩필,식별불가,8801166388474,"37,800원","37,800원",2개 구매시 50% 할인
썬(31).jpg,그린핑거 순한 무기자차 선쿠션(시나모),12G,8801166407946,"29,980원","29,980원",2개 구매시 50% 할인
썬(32).jpg,그린핑거 아이와놀이 워셔블 선팩트 15G시나,15G,8801166407939,"29,980원","29,980원",2개 구매시 50% 할인
썬(33).jpg,아토앤오투 무기자차 선크림50G,식별불가,8809620751222,"20,980원","20,980원",2개 구매시 50% 할인
썬(34).jpg,아토맨 오투워터쿨선팩트,15G,8809620751246,"20,980원","20,980원",2개 구매시 50% 할인
썬(35).jpg,아토앤오투베이비선스틱20GS,식별불가,8809620752434,"17,980원","17,980원",2개 구매시 50% 할인
썬(36).jpg,궁중비책 워터풀 선로션 마일드 80g,80g,8809278716802,"26,980원","26,980원",2개 구매시 50% 할인
썬(37).jpg,궁중비책 프레시 선스틱 마일드,23g,8809278717243,식별불가,"26,980원",2개 구매시 50% 할인
썬(38).jpg,궁중비책 모이스처 선쿠션 마일드,14g,8809278717250,식별불가,"26,980원",2개 구매시 50% 할인
썬(39).jpg,아토팜선스틱,식별불가,8809723787142,"24,000원","24,000원",2개 구매시 50% 할인
썬(4).jpg,니베아 글로우 선 베이스,식별불가,8850029034737,"14,800원","14,800원",2개 구매시 50% 할인
썬(40).jpg,아토팜톡톡페이셜선팩트15g,15g,8809723787128,"24,000원","24,000원",2개 구매시 50% 할인
썬(41).jpg,아토팜선밀크,식별불가,8809723787111,"28,000원","28,000원",2개 구매시 50% 할인
썬(5).jpg,니베아 선 베이스 오일컨트롤 선 베이스,40ml,8806322113631,"14,800원","14,800원",2개 구매시 50% 할인
썬(6).jpg,바이오더마 포토덤 아쿠아 플루이드 SPF50+,식별불가,3701129807385,"31,980원","20,787원",35%
썬(7).jpg,바이오더마 포토덤 페디아트릭스 레 SPF50+,식별불가,3701129807286,"35,980원","23,387원",35%
썬(8).jpg,닥터지 브라이트닝 선,35ML,8809695361210,"25,980원","16,887원",35%
썬(9).jpg,닥터지 그린마일드 업 선,35ml,8809838651307,"25,980원","16,887원",35%
