FileName,Label,predicted
1019053_1979-02-28_2006.jpg,0,0
1027753_1885-01-30_1943.jpg,0,0
1083353_1975-09-23_2006.jpg,0,1
1102853_1946-12-03_2008.jpg,0,0
1181653_1981-07-05_2014.jpg,0,0
1297053_1943-02-07_2009.jpg,0,0
1346153_1971-05-28_2014.jpg,0,0
1363953_1960-09-14_2009.jpg,0,0
1394053_1944-01-20_2012.jpg,0,1
1394553_1975-01-08_2007.jpg,0,0
1399753_1888-05-11_1942.jpg,0,0
140453_1914-01-15_1975.jpg,0,0
1423953_1958-06-04_2014.jpg,0,1
1429653_1971-01-31_2006.jpg,0,0
1482853_1955-09-23_2005.jpg,0,0
1489953_1956-04-08_1984.jpg,0,0
1491853_1985-11-19_2011.jpg,0,0
1574853_1962-11-03_1984.jpg,0,1
1588053_1922-12-03_1997.jpg,0,0
16053_1951-05-16_2014.jpg,0,0
1616453_1951-02-15_1976.jpg,0,0
16553_1967-10-28_2011.jpg,0,0
1668053_1977-08-07_2008.jpg,0,0
1745353_1934-01-21_1979.jpg,0,0
17453_1954-02-09_2008.jpg,0,0
1799053_1975-05-29_2012.jpg,0,1
183753_1917-01-05_1947.jpg,0,0
1907253_1966-03-21_2011.jpg,0,0
1920453_1971-02-25_2009.jpg,0,0
1937253_1975-04-10_2015.jpg,0,0
1945753_1975-07-21_2011.jpg,0,0
202553_1952-08-04_2011.jpg,0,0
207153_1929-01-20_1979.jpg,0,1
2132353_1943-09-08_2007.jpg,0,0
2142453_1925-01-29_1951.jpg,0,0
2151953_1979-08-10_2008.jpg,0,0
2161453_1950-02-03_1973.jpg,0,0
2215153_1939-08-27_1975.jpg,0,0
22753_1895-07-12_1940.jpg,0,1
2304453_1969-08-15_2010.jpg,0,0
231653_1902-06-19_1947.jpg,0,0
2380653_1977-03-20_2007.jpg,0,0
2396553_1971-01-18_2015.jpg,0,0
242053_1983-01-19_2009.jpg,0,1
2505553_1982-04-12_2009.jpg,0,1
262253_1923-07-15_1970.jpg,0,0
262953_1950-05-03_1970.jpg,0,0
2773253_1956-01-10_1987.jpg,0,0
2778253_1946-08-09_1972.jpg,0,0
2871353_1972-10-04_2011.jpg,0,0
290553_1946-12-05_2011.jpg,0,0
2990453_1946-08-18_2009.jpg,0,0
3002053_1971-04-16_2011.jpg,0,0
303853_1936-05-14_1985.jpg,0,0
3046653_1979-02-20_2007.jpg,0,0
3083253_1962-07-28_2012.jpg,0,0
309953_1953-09-12_2009.jpg,0,0
320753_1927-02-20_1964.jpg,0,0
3227153_1992-10-22_2009.jpg,0,0
327853_1963-11-28_2010.jpg,0,0
344453_1932-02-10_1986.jpg,0,0
3451553_1949-07-26_2009.jpg,0,0
351953_1915-05-03_2001.jpg,0,0
3538953_1967-05-14_2013.jpg,0,0
355853_1964-05-04_2010.jpg,0,0
365353_1965-05-23_2009.jpg,0,0
3668753_1956-05-23_2005.jpg,0,0
3740353_1944-07-02_2007.jpg,0,0
3753753_1970-06-19_2005.jpg,0,0
3832453_1979-04-29_2010.jpg,0,0
3850153_1970-10-08_2007.jpg,0,0
385553_1932-10-20_2004.jpg,0,0
3859453_1986-06-28_2013.jpg,0,0
3903553_1981-04-07_2009.jpg,0,0
390753_1956-03-10_2013.jpg,0,0
4198153_1941-08-04_1968.jpg,0,0
4273953_1983-11-03_2014.jpg,0,0
428053_1936-07-10_2005.jpg,0,0
436753_1954-03-04_2006.jpg,0,0
4693053_1983-05-02_2011.jpg,0,0
4774253_1978-10-20_2008.jpg,0,0
479153_1948-08-20_2012.jpg,0,0
532353_1953-11-12_2011.jpg,0,0
5338953_1975-07-02_2006.jpg,0,1
537253_1905-11-05_1948.jpg,0,0
5421953_1973-11-08_2005.jpg,0,0
552153_1971-11-27_2007.jpg,0,0
5570553_1967-03-26_2013.jpg,0,0
5814553_1976-08-15_2005.jpg,0,0
5952653_1978-10-08_2011.jpg,0,0
603453_1908-11-18_1968.jpg,0,0
6050453_1987-03-06_2011.jpg,0,0
6167253_1976-10-16_2007.jpg,0,1
659753_1960-06-24_2010.jpg,0,0
684053_1961-11-26_2015.jpg,0,1
69853_1937-02-12_1964.jpg,0,0
804253_1962-01-18_2009.jpg,0,0
901053_1935-08-18_1993.jpg,0,0
94253_1976-03-30_1993.jpg,0,0
950853_1928-08-11_1963.jpg,0,0
000229.jpg,1,1
001947.jpg,1,1
002086.jpg,1,1
002106.jpg,1,1
002263.jpg,1,1
002747.jpg,1,1
003153.jpg,1,1
003250.jpg,1,0
003457.jpg,1,1
003498.jpg,1,1
003826.jpg,1,1
004870.jpg,1,1
004925.jpg,1,0
005573.jpg,1,1
005644.jpg,1,1
005675.jpg,1,1
005874.jpg,1,1
006188.jpg,1,1
007037.jpg,1,1
007591.jpg,1,1
008818.jpg,1,0
009318.jpg,1,0
009420.jpg,1,1
009876.jpg,1,1
009913.jpg,1,0
100012_1948-07-03_2008.jpg,1,1
10277_1928-11-10_2012.jpg,1,1
104932_1976-02-15_2012.jpg,1,0
12277_1937-12-30_2013.jpg,1,0
145712_1915-06-09_2008.jpg,1,0
149077_1968-01-28_2010.jpg,1,1
149812_1973-07-15_2009.jpg,1,0
151532_1915-02-04_2005.jpg,1,1
153232_1960-01-06_2012.jpg,1,1
153777_1951-01-24_1986.jpg,1,1
154732_1957-10-07_2014.jpg,1,1
159277_1966-02-25_2015.jpg,1,1
161577_1980-06-08_2011.jpg,1,1
164477_1940-03-21_2008.jpg,1,1
168777_1949-03-29_1997.jpg,1,1
173612_1947-06-22_2005.jpg,1,1
179312_1912-07-17_1957.jpg,1,1
180977_1909-05-16_1940.jpg,1,1
186477_1911-11-05_1940.jpg,1,0
189212_1943-09-27_1987.jpg,1,1
207112_1987-11-03_2012.jpg,1,1
208212_1924-09-04_1984.jpg,1,1
208412_1909-04-01_1945.jpg,1,1
217832_1925-03-12_1959.jpg,1,1
221812_1976-04-25_2011.jpg,1,1
223632_1955-07-25_2009.jpg,1,1
225812_1950-01-25_2009.jpg,1,1
239012_1982-05-22_2006.jpg,1,0
254812_1946-03-22_2004.jpg,1,1
258777_1957-12-11_2010.jpg,1,1
262332_1956-04-04_1994.jpg,1,1
263977_1942-03-14_2015.jpg,1,0
28677_1934-07-23_1976.jpg,1,1
289632_1971-02-13_2008.jpg,1,0
291112_1890-02-06_1940.jpg,1,1
297412_1927-01-25_1994.jpg,1,1
302577_1960-03-07_2012.jpg,1,1
308212_1956-10-19_2011.jpg,1,0
308577_1957-02-28_2009.jpg,1,1
311432_1959-05-15_2009.jpg,1,1
315077_1966-04-20_2007.jpg,1,1
318377_1962-03-27_2006.jpg,1,1
318477_1911-06-26_1947.jpg,1,0
325332_1967-05-28_2010.jpg,1,1
36732_1963-01-15_2013.jpg,1,0
375212_1949-05-18_2012.jpg,1,0
381312_1906-02-05_1941.jpg,1,1
381332_1970-09-19_2008.jpg,1,1
396732_1931-09-29_2010.jpg,1,0
401777_1955-02-16_2013.jpg,1,1
40377_1974-01-27_2007.jpg,1,1
406877_1945-10-30_2013.jpg,1,1
407732_1950-08-15_2005.jpg,1,1
409032_1943-05-09_2009.jpg,1,1
422932_1938-05-24_2008.jpg,1,1
437932_1980-11-18_2007.jpg,1,1
440032_1975-06-18_2011.jpg,1,1
442612_1967-04-01_2004.jpg,1,0
445332_1916-02-29_1951.jpg,1,1
445412_1914-09-12_2003.jpg,1,1
45812_1948-02-19_2002.jpg,1,0
460877_1953-10-01_2010.jpg,1,1
475012_1922-01-18_1960.jpg,1,1
499512_1941-06-02_2007.jpg,1,0
5132_1975-08-07_2015.jpg,1,1
517212_1961-02-13_2006.jpg,1,1
57677_1959-03-21_2006.jpg,1,1
59377_1956-03-03_2007.jpg,1,1
65432_1926-01-20_1950.jpg,1,1
65777_1930-01-20_1969.jpg,1,1
83312_1951-10-02_2007.jpg,1,0
83532_1958-05-23_2013.jpg,1,1
8432_1947-07-03_2011.jpg,1,0
85432_1934-12-09_2007.jpg,1,1
9332_1948-02-05_2008.jpg,1,1