﻿파일명,제품명,용량,상품코드,정상가_표시,할인가_표시,할인 내용
이마트 BDF(1).jpg,니베아맨 데오드란트 롤온 딥,50ml,4005900493248,"9,400원","7,500원",신세계 포인트 적립시 할인
이마트 BDF(10).jpg,니베아 스무드 바디 로션,400ml,4005808891474,식별불가,"16,900원",1+1
이마트 BDF(11).jpg,니베아 Q10 바디로션 화이트,400ml,4005808237470,식별불가,"16,900원",1+1
이마트 BDF(12).jpg,니베아 선 페이스 영 메이지 크림,50ml,4005900475978,"15,800원","15,800원",1+1
이마트 BDF(13).jpg,니베아 선 페이스 수딩 센서티브 크림,50ml,4005900475220,식별불가,"15,800원",1+1
이마트 BDF(14).jpg,니베아 선 프로텍트 맨 모이스춰 선 로션,식별불가,0000042467083,"17,800원","17,800원",1+1
이마트 BDF(15).jpg,니베아 라이트 선 세럼,90ml,4005808984763,"19,500원","19,500원",1+1
이마트 BDF(16).jpg,니베아 울트라 센서티브 선로션,200ml,4005900712288,"23,800원","23,800원",1+1
이마트 BDF(2).jpg,니베아데오드란트스틱드라이임팩트,식별불가,8806322107210,"10,900원","8,900원",신세계 포인트 적립시 할인
이마트 BDF(3).jpg,니베아맨센서티브쉐이빙젤200ml,200ml,4005808817405,"5,250원","5,200원",할인상품
이마트 BDF(4).jpg,니베아맨센서티브쉐이빙폼,200ml,4005808817207,"5,200원","5,200원",식별불가
이마트 BDF(5).jpg,니베아 데오스프레이 드라이컴포트,200ml,4005808321735,식별불가,"11,890원",식별불가
이마트 BDF(6).jpg,니베아 데오드란트 스틱 드라이 맨 콤포트,식별불가,8806322107227,"8,938원","8,938원",식별불가
이마트 BDF(7).jpg,니베아 데오 롤온 드라이컴포트 50ml,50ml,4005808725212,"7,520원","7,520원",식별불가
이마트 BDF(8).jpg,니베아 익스프레스 바디 로션 400ml,400ml,4005808891436,식별불가,"16,900원",1+1
이마트 BDF(9).jpg,니베아 Q10 리치 바디 로션,400ml,4005800098833,"16,900원","16,900원",1+1
