﻿파일명,제품명,용량,상품코드,정상가_표시,할인가_표시,할인 내용
이마트 바디립(10).jpg,오가니스트 오트밀 바디로션 머스크향 6BDM,식별불가,8809949557208,"21,900원","21,900원",상품권 증정
이마트 바디립(11).jpg,오가니스트 오트밀 바디로션 무향,6BDML,8809949557192,식별불가,"21,900원",식별불가
이마트 바디립(12).jpg,락토덤 피부에 유익한 생보습 바디로션 500,식별불가,8805915726517,식별불가,"9,900원",추천상품
이마트 바디립(13).jpg,아비노 데일리 로션,354ml,8801108003670,"13,140원","13,140원",식별불가
이마트 바디립(14).jpg,뉴트로지나 릴랙싱 바디 로션,450ml,8801008004890,"17,900원","12,530원",30%
이마트 바디립(15).jpg,세타필 로션 591ml+29ml+크림50g,식별불가,8806112000080,"16,720원","15,900원",할인
이마트 바디립(16).jpg,세타필 모이스춰라이징 로션,1.25L,9318637044269,"24,690원","23,900원",할인상품
이마트 바디립(17).jpg,세타필 진정 젤크림,226g,3499320013536,"14,800원","13,500원",할인상품
이마트 바디립(18).jpg,더마비 울트라 모이스처 바디크림,430ml,8809048410664,"14,950원","14,950원",추천상품
이마트 바디립(19).jpg,세타필 모이스춰라이징 크림,550G,3499320013369,"22,320원","19,900원",할인상품
이마트 바디립(2).jpg,해피바스 퍼퓸부티크 바디로션 상탈머스크,식별불가,8809925195363,"13,900원","13,900원",식별불가
이마트 바디립(20).jpg,뉴더마비 1데일리모이스처바디로션,500ml,8809554840337,식별불가,"13,650원",추천 상품
이마트 바디립(21).jpg,더마비AC컨트롤바디로션,400ML,8809911690575,"11,100원","11,100원",식별불가
이마트 바디립(22).jpg,더마비 세라엠디 리페어 크림,200ml,8809911693972,"16,000원","9,600원",40%
이마트 바디립(23).jpg,더마비 인텐시브 베리어 멀티오일,135ml,8809554847213,식별불가,"9,600원",식별불가
이마트 바디립(24).jpg,쿤달 퓨어 퍼퓸 핸드크림50ml 3입,50ml 3입,8809953775865,"9,500원","7,900원",할인
이마트 바디립(25).jpg,쿤달 퓨어 아로마 핸드크림50ml 3입,50ml 3입,8809953775872,"9,900원","8,900원",할인
이마트 바디립(27).jpg,바세린 인텐시브 헬씨 핸드 맨 스트롱,400ml,8801619051092,"14,900원","14,900원",유니레버 행사상품 2개이상 구매시 50%
이마트 바디립(28).jpg,바세린 라벤더 카밍 로션,400ML,8801619054024,식별불가,"14,900원",유니레버 행사상품 2개이상 구매시 50%
이마트 바디립(29).jpg,바세린 센서티브 릴리프 로션,400ML,8801619054017,"14,900원","14,900원",2개이상 구매시 50%
이마트 바디립(3).jpg,쿤달 퓨어 바디로션 718ml 베이비파우더,식별불가,8809568748490,식별불가,"10,430원",식별불가
이마트 바디립(30).jpg,바세린 인텐시브알로에 수드 로션,400ML,8801619051085,"14,900원","14,900원",유니레버 행사상품 2개이상 구매시 50%
이마트 바디립(31).jpg,바세린 드라이스킨리페어 바디로션,400ml,8801619050279,"14,900원","14,900원",유니레버 행사상품 2개이상 구매시 50%
이마트 바디립(32).jpg,바세린 어드밴스드 리페어 로션,400ml,8801619051115,"14,900원","14,900원",유니레버 행사상품 2개이상 구매시 50%
이마트 바디립(33).jpg,히말라야 너리싱 바디로션,400ml,8901138508166,"14,320원","14,320원",추천상품
이마트 바디립(34).jpg,히말라야 수딩 바디로션,400ml,8901138832117,식별불가,"14,320원",추천 상품
이마트 바디립(35).jpg,히말라야 코코아버터 바디로션,400ml,8901138508159,"14,320원","14,320원",식별불가
이마트 바디립(36).jpg,카밀 핸드크림 베스트 트리오 기획세트,식별불가,8809369782563,"10,900원","10,900원",식별불가
이마트 바디립(37).jpg,카밀 핸드크림 베스트 트리오 기획세트,식별불가,8809369782563,"10,900원","10,900원",식별불가
이마트 바디립(38).jpg,카밀 핸드&네일 크림 스위티 N,75ml,4000196936707,"5,400원","5,400원",추천상품
이마트 바디립(39).jpg,카밀 핸드&네일 크림 자몽 N,75ml,4000196936684,식별불가,"5,400원",추천상품
이마트 바디립(4).jpg,쿤달 퓨어 바디로션 718ml 화이트머스크,718ml,8809568748506,식별불가,"10,430원",추천상품
이마트 바디립(40).jpg,카밀 핸드&네일 크림 프레쉬 N,75ml,4000196936660,"5,400원","5,400원",식별불가
이마트 바디립(41).jpg,카밀 핸드&네일 크림 프레쉬 N,75ml,4000196936660,"5,400원","5,400원",추천상품
이마트 바디립(42).jpg,카밀 핸드&네일 크림 허벌 N,100ml,4000196936622,"5,400원","5,400원",추천상품
이마트 바디립(43).jpg,카밀 핸드&네일 크림 인텐시브 N,100ml,4000196936585,"5,400원","5,400원",식별불가
이마트 바디립(44).jpg,뉴트로지나 립 밤 SPF15,4g 2입,8801108001218,"7,110원","7,110원",추천 상품
이마트 바디립(5).jpg,쿤달 바디로션 718ml 일랑일랑,718ml,8809953771621,"10,430원","10,430원",추천 상품
이마트 바디립(6).jpg,온더내추럴 바디로션 라벤더,400g,8801051238617,"8,900원","4,900원",식별불가
이마트 바디립(7).jpg,더내추럴 바디로션 코코넛,400g,8801051238600,"8,900원","4,900원",엘지생활건강 5만원 이상 결제시 5천원 상품권 증정
이마트 바디립(8).jpg,퓨어시카바디로션베이비파우더,730ml,8801051291292,"14,900원","14,900원",상품권 증정
이마트 바디립(9).jpg,더마비 인텐시브 베리어 멀티오일,135ml,8809554847213,"9,600원","9,600원",식별불가
