﻿파일명,제품명,용량,상품코드,정상가_표시,할인가_표시,할인 내용
이마트 맨(1).jpg,질레트랩스 리퍼드포밍쉐이브젤198ml,식별불가,4987176132284,"15,960원","11,130원",식별불가
이마트 맨(3).jpg,질레트 스킨텍 젤,195g,4902430913829,"9,800원","6,860원",30%
이마트 맨(4).jpg,도루코 페이스 아쿠아쉐이빙젤 2입 세트,식별불가,8809389185504,"14,900원","10,430원",신세계포인트 적립시 할인
이마트 맨(5).jpg,도루코 프로 리페어 쉐이빙젤,식별불가,8809389188390,"8,300원","5,810원",신세계포인트 적립시 할인
