﻿파일명,제품명,용량,상품코드,정상가_표시,할인가_표시,할인 내용
이마트 선(1).jpg,아토앤오투베이비선스틱2DGSPF50+PA++++,식별불가,8809620752434,"17,980원","8,990원",식별불가
이마트 선(10).jpg,그린핑거 파워쉴드 선스틱X2 + 수딩젤,식별불가,8801166388481,"41,000원","20,500원",1개당 41000원
이마트 선(11).jpg,그린핑거 야외놀이 선크림 X2 + 수딩젤,식별불가,8801166388474,"37,800원","18,900원",신세계포인트 적립시 할인
이마트 선(12).jpg,베베 핀&포 에듀 오기획(선크림50ml+썬스틱1B,식별불가,8809949548442,식별불가,"25,900원",1개당 25900원
이마트 선(13).jpg,벌먼 포켓몬 UV 선쿠션(피카츄)15G,15G,8801051294897,"29,900원","29,900원",식별불가
이마트 선(14).jpg,피지오일 DMT 하이드로 메센셜 썬스크린 40,식별불가,8809949543133,식별불가,"35,000원",식별불가
이마트 선(15).jpg,피지오일 DMT IN 썬스크린 어드밴스드 5BM,식별불가,8801051298550,식별불가,"21,900원",엘지생활건강 5만원 이상 결제시 5천원 상품권 증정
이마트 선(16).jpg,베이비언스 핑크퐁 베이비 선 메탈 쿠션,15g,8801051237061,"19,900원","19,900원",식별불가
이마트 선(17).jpg,베비언스 핑크퐁 무기자차 선스틱,20g,8801051237016,"15,900원","15,900원",상품권 증정
이마트 선(18).jpg,퓨어더마 선크림 (짱구),80ml,8809949560451,"14,900원","14,900원",식별불가
이마트 선(19).jpg,퓨어더마 선쿠션 (흰둥이),15g,8809949560482,식별불가,"27,900원",상품권 증정
이마트 선(2).jpg,아토팜선스틱,식별불가,8809723787142,"24,000원","12,000원",신세계포인트 적립시 할인
이마트 선(20).jpg,퓨어더마 선쿠션 (짱구),15g,8809949560475,"27,900원","27,900원",식별불가
이마트 선(21).jpg,닥터아토 더마 센서티브 선프로텍터,50ml,8801092527459,"29,980원","14,990원",신세계포인트 적립시 할인
이마트 선(22).jpg,닥터아토 아쿠아 쿨링 선밀,50ml,8801092527466,"29,980원","14,990원",신세계포인트 적립시 할인
이마트 선(23).jpg,닥터아토 알로에베라 썬수딩젤,150ml,8801092522133,"33,980원","16,990원",신세계포인트 적립시 할인
이마트 선(24).jpg,자민경 크레마카라콜 울트라 프로텍션 썬크,식별불가,8809147356405,"9,980원","6,980원",식별불가
이마트 선(25).jpg,자민경 프리마크 그린 캡슐 모이스처 선크,식별불가,8809147351196,"9,980원","7,980원","2,000원"
이마트 선(26).jpg,자민경 프리마크 블루 캡슐 모이스처 선크,식별불가,8809147351189,"9,980원","7,980원",식별불가
이마트 선(27).jpg,퓨어밀로우 데일리 톤업 선크림 50ml 2입,식별불가,8809438489607,"11,900원","11,900원",식별불가
이마트 선(28).jpg,본트리 베리선블럭 SPF50+PA++++,50ml,2000001211373,"14,980원","14,980원",식별불가
이마트 선(29).jpg,아다 선 에센스 기획,식별불가,8809340386919,"20,980원","14,686원",신세계포인트 적립시 할인
이마트 선(3).jpg,궁중비책 프레시 선스틱 마일드 23g,23g,8809278717243,"26,980원","13,490원",신세계포인트 적립시 할인
이마트 선(30).jpg,물품전씨 레이저 썬스크린 100,35ml,8809694620417,"27,980원","19,586원",식별불가
이마트 선(31).jpg,셀퓨전씨 AC 썬,10ml당 7994원,8809694627300,"27,980원","19,586원",신세계포인트 적립시 할인
이마트 선(32).jpg,피지오겔 DMT UV데일리 썬 로션,100ml,8801051215991,"35,000원","35,000원",상품권 증정
이마트 선(33).jpg,바이오더마 포토덤 아쿠아 플루이드 SPF50+,식별불가,3701129807385,"21,980원","21,980원",식별불가
이마트 선(34).jpg,닥터지 브라이트닝 선,35ML,8809695361210,"25,980원","18,186원",신세계포인트 적립시 할인
이마트 선(35).jpg,바이오더마 포토덤 페디아트릭스 레 SPF50+,식별불가,3701129807286,"25,980원","25,980원",식별불가
이마트 선(4).jpg,궁중비책 워터풀 선로션 마일드 BDg,식별불가,8809278716802,"26,980원","13,490원",신세계포인트 적립시 할인
이마트 선(5).jpg,아토맨오투워터쿨선팩트15G,15G,8809620751246,"20,980원","10,490원",신세계포인트 적립시 할인
이마트 선(6).jpg,아토앤오투 무기자차선 크림50G,50G,8809620751222,"20,980원","10,490원",신세계포인트
이마트 선(7).jpg,그린핑거 순한 무기자차 선스틱,14G(시나모),8801166407953,"29,980원","14,990원",신세계포인트 적립시 할인
이마트 선(8).jpg,그린핑거 순한 무기자차 선쿠션 12G(시나모,12G,8801166407946,"29,980원","14,990원",신세계포인트 적립시 할인
이마트 선(9).jpg,그린핑거 이외놀이 워셔블 선택트,15G,8801166407939,"29,980원","14,990원",신세계포인트 적립시 할인
